Shape,Side Length,Perimeter,Area
triangle,50.0,150.0,43.30127018922193
circle,2.0,12.566370614359172,12.566370614359172
