Shape,Side Length,Perimeter,Area
triangle,3.5,10.5,3.031088913245535
circle,2.0,12.566370614359172,12.566370614359172
